0,,zh_CN,en_US,cc,aa,bb
,COLUMN_1,区域,"Test
 Name`~!@#$%^&*()_+-=/?><.,qwertyuiopasdfghjklzxcvbnmQWERTYUIOPASDFGHJKLZXCVBNM;:'""[]{}|\",区域,"Test
 Name`~!@#$%^&*()_+-=/?><.,qwertyuiopasdfghjklzxcvbnmQWERTYUIOPASDFGHJKLZXCVBNM;:'""[]{}|\",区域
,COLUMN_2,区域测试,Space,区域测试,Space,区域测试
,COLUMN_3,区域1,Space1,区域2,Space2,区域3
,COLUMN_4,区域2,Space2,区域3,Space3,区域4
,COLUMN_5,区域3,Space3,区域4,Space4,区域5
,COLUMN_6,区域4,Space4,区域5,Space5,区域6
,COLUMN_7,区域5,Space5,区域6,Space6,区域7
,COLUMN_8,区域6,Space6,区域7,Space7,区域8
,COLUMN_9,区域7,Space7,区域8,Space8,区域9
,COLUMN_10,区域8,Space8,区域9,Space9,区域10
,COLUMN_11,区域9,Space9,区域10,Space10,区域11
,SHEET_1,区域10,Space10,区域11,Space11,区域12
,SHEET_2,区域11,Space11,区域12,Space12,区域13
,SHEET_3,区域12,Space12,区域13,Space13,区域14
,SHEET_4,区域13,Space13,区域14,Space14,区域15
,SHEET_5,区域14,Space14,区域15,Space15,区域16
,SHEET_6,区域15,Space15,区域16,Space16,区域17
,SHEET_7,区域16,Space16,区域17,Space17,区域18
,SHEET_8,区域17,Space17,区域18,Space18,区域19
,SHEET_9,区域18,Space18,区域19,Space19,区域20
,SHEET_10,区域19,Space19,区域20,Space20,区域21
,SHEET_11,区域20,Space20,区域21,Space21,区域22
,TOTAL,总计,Total,总计,Total,总计
,STAT,统计,Statistics,统计,Statistics,统计
,EXPORT_TIME,导出时间：,Export time:,导出时间：,Export time:,导出时间：
